dataset,init,kmeans,award
kovaleva_1000x15_c12_m60_a0.5_s2095.pts,3929.3878140449524,4842.386688232421,1.5258288383483891
kovaleva_1000x15_c12_m60_a0.5_s2895.pts,4726.080264806747,3896.043289899826,1.734269380569458
kovaleva_1000x15_c12_m60_a0.5_s3725.pts,3459.4868993759155,5725.74723482132,2.217836618423462
kovaleva_1000x15_c12_m60_a0.5_s4252.pts,4711.592982530594,4195.027573108673,1.1613678932189948
kovaleva_1000x15_c12_m60_a0.5_s4400.pts,3766.975184440613,4162.757811546324,0.9559535980224604
kovaleva_1000x15_c12_m60_a0.5_s5388.pts,3605.0584633350372,4925.379909753799,2.6146862506866455
kovaleva_1000x15_c12_m60_a0.5_s5486.pts,4456.648580312729,4678.164594888687,1.5250139236450195
kovaleva_1000x15_c12_m60_a0.5_s6472.pts,3747.1982619762416,5125.218396186828,1.5705764293670654
kovaleva_1000x15_c12_m60_a0.5_s6635.pts,4394.2598605155945,6002.704013109207,2.050589799880982
kovaleva_1000x15_c12_m60_a0.5_s8285.pts,5635.553452253342,4214.457144498824,1.3686921596527102
kovaleva_1000x15_c19_m35_a0.5_s2095.pts,5124.752454042435,6831.441645622253,0.04444551467895508
kovaleva_1000x15_c19_m35_a0.5_s2895.pts,6483.21506357193,7259.659000873566,0.04570508003234863
kovaleva_1000x15_c19_m35_a0.5_s3725.pts,4640.021465063095,5856.837541818619,0.04384922981262207
kovaleva_1000x15_c19_m35_a0.5_s4252.pts,4438.413911104202,6525.89350771904,0.04180765151977539
kovaleva_1000x15_c19_m35_a0.5_s4400.pts,4844.294949054718,6768.788719892502,0.0466303825378418
kovaleva_1000x15_c19_m35_a0.5_s5388.pts,4708.219974040985,5420.066526651382,0.041046142578125
kovaleva_1000x15_c19_m35_a0.5_s5486.pts,5095.685673952103,5673.988421678542,0.04359030723571777
kovaleva_1000x15_c19_m35_a0.5_s6472.pts,5108.608394384384,5737.525406122208,0.04700922966003418
kovaleva_1000x15_c19_m35_a0.5_s6635.pts,4192.108730792999,6061.649062871933,0.04239201545715332
kovaleva_1000x15_c19_m35_a0.5_s8285.pts,6530.437088727951,6828.646595716476,0.043460845947265625
kovaleva_1000x15_c7_m100_a0.5_s2095.pts,2984.0954024791718,3680.341256141662,8.658451557159422
kovaleva_1000x15_c7_m100_a0.5_s2895.pts,1958.5820944309235,1608.9570856094365,2.492044448852539
kovaleva_1000x15_c7_m100_a0.5_s3725.pts,2254.654315471649,3153.4980022907266,7.006955623626707
kovaleva_1000x15_c7_m100_a0.5_s4252.pts,2628.137546777725,4609.84294104576,16.740463733673096
kovaleva_1000x15_c7_m100_a0.5_s4400.pts,2658.7158415317535,2833.5417115688324,7.593300580978393
kovaleva_1000x15_c7_m100_a0.5_s5388.pts,2483.700403213501,3983.4864523410793,8.580887317657474
kovaleva_1000x15_c7_m100_a0.5_s5486.pts,2315.0040748119354,2655.4566900730133,5.421586275100706
kovaleva_1000x15_c7_m100_a0.5_s6472.pts,2263.809312105179,3237.958142518997,6.0309529304504395
kovaleva_1000x15_c7_m100_a0.5_s6635.pts,2098.8866517543797,2264.569128990174,4.3708810806274405
kovaleva_1000x15_c7_m100_a0.5_s8285.pts,3664.8777189254756,3095.819685935974,9.734138011932371
rc_ch100_s1981_[kovaleva_1000x15_c12_m60_a0.5_s2095].pts,831.5041711330414,332.58302736282343,0.02699899673461914
rc_ch100_s1981_[kovaleva_1000x15_c12_m60_a0.5_s2895].pts,903.0285096168518,375.8737823963165,0.031219005584716797
rc_ch100_s1981_[kovaleva_1000x15_c12_m60_a0.5_s3725].pts,782.609316110611,444.06849122047424,0.04012203216552731
rc_ch100_s1981_[kovaleva_1000x15_c12_m60_a0.5_s4252].pts,880.4758968353271,344.20836329460144,0.07869958877563478
rc_ch100_s1981_[kovaleva_1000x15_c12_m60_a0.5_s4400].pts,829.124921798706,431.83359932899475,0.029761314392089844
rc_ch100_s1981_[kovaleva_1000x15_c12_m60_a0.5_s5388].pts,832.9657607078552,429.63102746009827,0.04604029655456538
rc_ch100_s1981_[kovaleva_1000x15_c12_m60_a0.5_s5486].pts,904.2561938762665,343.5806083679199,0.03014349937438965
rc_ch100_s1981_[kovaleva_1000x15_c12_m60_a0.5_s6472].pts,810.4426536560059,393.3342499732971,0.028414249420166016
rc_ch100_s1981_[kovaleva_1000x15_c12_m60_a0.5_s6635].pts,708.3574328422546,399.9050295352936,0.02710700035095215
rc_ch100_s1981_[kovaleva_1000x15_c12_m60_a0.5_s8285].pts,778.5280034542084,394.988210439682,0.0628681182861328
rc_ch100_s1981_[kovaleva_1000x15_c19_m35_a0.5_s2095].pts,1095.4352164268491,630.7804281711578,0.03376507759094238
rc_ch100_s1981_[kovaleva_1000x15_c19_m35_a0.5_s2895].pts,955.4179329872131,497.8240797519684,0.030357122421264652
rc_ch100_s1981_[kovaleva_1000x15_c19_m35_a0.5_s3725].pts,1209.7960596084597,513.2974188327789,0.034919023513793945
rc_ch100_s1981_[kovaleva_1000x15_c19_m35_a0.5_s4252].pts,952.4099564552308,723.7943205833435,0.02921605110168457
rc_ch100_s1981_[kovaleva_1000x15_c19_m35_a0.5_s4400].pts,1017.782904624939,603.5673689842224,0.032552242279052734
rc_ch100_s1981_[kovaleva_1000x15_c19_m35_a0.5_s5388].pts,977.0625143051146,560.7040045261382,0.030524492263793945
rc_ch100_s1981_[kovaleva_1000x15_c19_m35_a0.5_s5486].pts,1227.2695906162262,626.7703461647033,0.03298306465148926
rc_ch100_s1981_[kovaleva_1000x15_c19_m35_a0.5_s6472].pts,1378.2507202625275,707.1764705181122,0.035691261291503906
rc_ch100_s1981_[kovaleva_1000x15_c19_m35_a0.5_s6635].pts,1107.3269772529604,587.6219418048859,0.038544893264770515
rc_ch100_s1981_[kovaleva_1000x15_c19_m35_a0.5_s8285].pts,1025.9696717262268,623.4984755516052,0.031207561492919922
rc_ch100_s1981_[kovaleva_1000x15_c7_m100_a0.5_s2095].pts,590.8838143348695,211.8417453765869,0.09737825393676766
rc_ch100_s1981_[kovaleva_1000x15_c7_m100_a0.5_s2895].pts,459.04815578460693,219.42448544502258,0.08748626708984378
rc_ch100_s1981_[kovaleva_1000x15_c7_m100_a0.5_s3725].pts,576.6282308101654,254.91700339317322,0.8391597270965575
rc_ch100_s1981_[kovaleva_1000x15_c7_m100_a0.5_s4252].pts,699.3295447826385,339.5963187217713,0.7485959529876709
rc_ch100_s1981_[kovaleva_1000x15_c7_m100_a0.5_s4400].pts,571.6715071201324,254.56555700302124,1.7658510208129883
rc_ch100_s1981_[kovaleva_1000x15_c7_m100_a0.5_s5388].pts,580.9475283622742,317.94458484649664,1.3591952323913574
rc_ch100_s1981_[kovaleva_1000x15_c7_m100_a0.5_s5486].pts,526.8158843517303,216.82103180885315,0.2677221298217772
rc_ch100_s1981_[kovaleva_1000x15_c7_m100_a0.5_s6472].pts,563.6966803073883,225.7547292709351,0.42904305458068814
rc_ch100_s1981_[kovaleva_1000x15_c7_m100_a0.5_s6635].pts,590.8663713932037,193.81064653396606,0.255446195602417
rc_ch100_s1981_[kovaleva_1000x15_c7_m100_a0.5_s8285].pts,473.478173494339,184.40874099731448,0.04380702972412113
rc_ch100_s2945_[kovaleva_1000x15_c12_m60_a0.5_s2095].pts,779.3138847351074,315.5064482688904,0.02806997299194336
rc_ch100_s2945_[kovaleva_1000x15_c12_m60_a0.5_s2895].pts,1206.0939638614655,406.71462202072144,0.028888940811157227
rc_ch100_s2945_[kovaleva_1000x15_c12_m60_a0.5_s3725].pts,954.3107616901398,389.00038266181946,0.1835556030273439
rc_ch100_s2945_[kovaleva_1000x15_c12_m60_a0.5_s4252].pts,738.35724568367,320.53665804862976,0.02718520164489746
rc_ch100_s2945_[kovaleva_1000x15_c12_m60_a0.5_s4400].pts,850.4552328586578,395.10632514953613,0.029250383377075195
rc_ch100_s2945_[kovaleva_1000x15_c12_m60_a0.5_s5388].pts,844.6502282619475,403.47723913192755,0.029422760009765625
rc_ch100_s2945_[kovaleva_1000x15_c12_m60_a0.5_s5486].pts,815.0137493610383,388.464834690094,0.030051469802856445
rc_ch100_s2945_[kovaleva_1000x15_c12_m60_a0.5_s6472].pts,746.7255134582518,358.4327042102814,0.029279232025146484
rc_ch100_s2945_[kovaleva_1000x15_c12_m60_a0.5_s6635].pts,760.7946474552155,415.98221802711487,0.029558181762695312
rc_ch100_s2945_[kovaleva_1000x15_c12_m60_a0.5_s8285].pts,790.0075850486757,403.6993188858032,0.02806258201599121
rc_ch100_s2945_[kovaleva_1000x15_c19_m35_a0.5_s2095].pts,1014.0066161155701,612.408774137497,0.03278946876525879
rc_ch100_s2945_[kovaleva_1000x15_c19_m35_a0.5_s2895].pts,991.4482219219209,595.5866177082062,0.031246662139892578
rc_ch100_s2945_[kovaleva_1000x15_c19_m35_a0.5_s3725].pts,1188.57737994194,557.642594575882,0.03355050086975098
rc_ch100_s2945_[kovaleva_1000x15_c19_m35_a0.5_s4252].pts,1007.7011449337006,564.9545149803162,0.029283761978149414
rc_ch100_s2945_[kovaleva_1000x15_c19_m35_a0.5_s4400].pts,952.6306164264679,606.7468650341034,0.03151297569274902
rc_ch100_s2945_[kovaleva_1000x15_c19_m35_a0.5_s5388].pts,918.3005003929138,544.450931787491,0.02857184410095215
rc_ch100_s2945_[kovaleva_1000x15_c19_m35_a0.5_s5486].pts,1127.4568829536438,515.7442035675049,0.033507347106933594
rc_ch100_s2945_[kovaleva_1000x15_c19_m35_a0.5_s6472].pts,1067.3734221458433,562.0881202220917,0.03499889373779297
rc_ch100_s2945_[kovaleva_1000x15_c19_m35_a0.5_s6635].pts,932.8893468379973,642.6242935657501,0.03163003921508789
rc_ch100_s2945_[kovaleva_1000x15_c19_m35_a0.5_s8285].pts,1141.2342855930328,641.3120563030243,0.03299903869628906
rc_ch100_s2945_[kovaleva_1000x15_c7_m100_a0.5_s2095].pts,624.1949377059937,239.4282510280609,1.037023782730102
rc_ch100_s2945_[kovaleva_1000x15_c7_m100_a0.5_s2895].pts,478.6692037582398,205.11610388755798,0.046518325805664035
rc_ch100_s2945_[kovaleva_1000x15_c7_m100_a0.5_s3725].pts,557.4805881977081,206.26955604553223,0.19116520881652824
rc_ch100_s2945_[kovaleva_1000x15_c7_m100_a0.5_s4252].pts,652.5085728168489,252.5050389766693,2.8133814334869385
rc_ch100_s2945_[kovaleva_1000x15_c7_m100_a0.5_s4400].pts,533.7368590831757,235.86405897140503,0.3016014099121095
rc_ch100_s2945_[kovaleva_1000x15_c7_m100_a0.5_s5388].pts,616.1775074005126,416.6294813156128,1.3701241016387942
rc_ch100_s2945_[kovaleva_1000x15_c7_m100_a0.5_s5486].pts,541.5733296871185,224.4375429153442,0.5561249256134035
rc_ch100_s2945_[kovaleva_1000x15_c7_m100_a0.5_s6472].pts,1118.6824548244474,240.0072109699249,1.0054895877838133
rc_ch100_s2945_[kovaleva_1000x15_c7_m100_a0.5_s6635].pts,509.93972349166876,345.22458958625793,0.7603800296783447
rc_ch100_s2945_[kovaleva_1000x15_c7_m100_a0.5_s8285].pts,494.7146108150482,204.71732783317566,0.17912888526916496
rc_ch100_s3648_[kovaleva_1000x15_c12_m60_a0.5_s2095].pts,686.3856418132782,319.71156144142157,0.025447845458984375
rc_ch100_s3648_[kovaleva_1000x15_c12_m60_a0.5_s2895].pts,930.157214641571,463.8246626853943,0.030553817749023438
rc_ch100_s3648_[kovaleva_1000x15_c12_m60_a0.5_s3725].pts,852.6731688976288,503.4673657417298,0.029100894927978516
rc_ch100_s3648_[kovaleva_1000x15_c12_m60_a0.5_s4252].pts,819.2850382328035,332.57284331321716,0.03118562698364258
rc_ch100_s3648_[kovaleva_1000x15_c12_m60_a0.5_s4400].pts,786.9272904396057,339.5951192378998,0.030449867248535156
rc_ch100_s3648_[kovaleva_1000x15_c12_m60_a0.5_s5388].pts,800.3687746524811,372.6720633506775,0.06570053100585942
rc_ch100_s3648_[kovaleva_1000x15_c12_m60_a0.5_s5486].pts,962.2407717704774,424.05885601043695,0.029289722442626953
rc_ch100_s3648_[kovaleva_1000x15_c12_m60_a0.5_s6472].pts,814.5529389381409,313.5642042160034,0.03059983253479004
rc_ch100_s3648_[kovaleva_1000x15_c12_m60_a0.5_s6635].pts,871.9214022159575,367.30316495895386,0.030682086944580078
rc_ch100_s3648_[kovaleva_1000x15_c12_m60_a0.5_s8285].pts,772.3273916244507,386.3969032764435,0.04584765434265138
rc_ch100_s3648_[kovaleva_1000x15_c19_m35_a0.5_s2095].pts,1059.5691492557526,638.8859007358551,0.04623389244079592
rc_ch100_s3648_[kovaleva_1000x15_c19_m35_a0.5_s2895].pts,1076.6726002693176,683.0306305885315,0.030223369598388672
rc_ch100_s3648_[kovaleva_1000x15_c19_m35_a0.5_s3725].pts,1020.075553894043,592.2861130237579,0.03458714485168457
rc_ch100_s3648_[kovaleva_1000x15_c19_m35_a0.5_s4252].pts,911.8915884494783,567.111424446106,0.028661012649536133
rc_ch100_s3648_[kovaleva_1000x15_c19_m35_a0.5_s4400].pts,995.68089056015,511.503873348236,0.031659841537475586
rc_ch100_s3648_[kovaleva_1000x15_c19_m35_a0.5_s5388].pts,910.4969670772552,602.1439967155457,0.030608415603637695
rc_ch100_s3648_[kovaleva_1000x15_c19_m35_a0.5_s5486].pts,1025.1760387420654,514.8476514816284,0.032817840576171875
rc_ch100_s3648_[kovaleva_1000x15_c19_m35_a0.5_s6472].pts,1054.7890326976776,660.406759262085,0.033991098403930664
rc_ch100_s3648_[kovaleva_1000x15_c19_m35_a0.5_s6635].pts,1000.690435409546,509.9690623283386,0.03311514854431152
rc_ch100_s3648_[kovaleva_1000x15_c19_m35_a0.5_s8285].pts,1104.7623002529144,588.673730134964,0.03376293182373047
rc_ch100_s3648_[kovaleva_1000x15_c7_m100_a0.5_s2095].pts,838.4984583854675,253.66680383682248,1.315964937210083
rc_ch100_s3648_[kovaleva_1000x15_c7_m100_a0.5_s2895].pts,530.315345287323,214.90124869346616,0.321073532104492
rc_ch100_s3648_[kovaleva_1000x15_c7_m100_a0.5_s3725].pts,616.9910769462585,214.0141155719757,0.2691218852996827
rc_ch100_s3648_[kovaleva_1000x15_c7_m100_a0.5_s4252].pts,588.5674285888672,327.4978024959564,6.106168031692506
rc_ch100_s3648_[kovaleva_1000x15_c7_m100_a0.5_s4400].pts,573.4948787689208,233.78777146339417,0.16949224472045896
rc_ch100_s3648_[kovaleva_1000x15_c7_m100_a0.5_s5388].pts,754.2786226272583,226.55607676506042,1.3174850940704341
rc_ch100_s3648_[kovaleva_1000x15_c7_m100_a0.5_s5486].pts,658.1696841716765,290.00048828125,0.5388560295104975
rc_ch100_s3648_[kovaleva_1000x15_c7_m100_a0.5_s6472].pts,530.901035785675,209.73663139343267,0.26110148429870605
rc_ch100_s3648_[kovaleva_1000x15_c7_m100_a0.5_s6635].pts,538.5638830661773,182.84594345092773,0.42505669593811
rc_ch100_s3648_[kovaleva_1000x15_c7_m100_a0.5_s8285].pts,525.7431643009186,228.63540887832642,0.7318904399871827
rc_ch100_s5417_[kovaleva_1000x15_c12_m60_a0.5_s2095].pts,691.8069372177123,261.8924877643585,0.026941537857055664
rc_ch100_s5417_[kovaleva_1000x15_c12_m60_a0.5_s2895].pts,769.4393320083618,373.97160172462463,0.02952742576599121
rc_ch100_s5417_[kovaleva_1000x15_c12_m60_a0.5_s3725].pts,902.7771542072297,475.68298053741455,0.027130126953125
rc_ch100_s5417_[kovaleva_1000x15_c12_m60_a0.5_s4252].pts,738.16579246521,347.4791307449341,0.026770830154418945
rc_ch100_s5417_[kovaleva_1000x15_c12_m60_a0.5_s4400].pts,829.562937259674,410.0545620918274,0.031124353408813477
rc_ch100_s5417_[kovaleva_1000x15_c12_m60_a0.5_s5388].pts,926.6282191276549,429.044095993042,0.11221981048583998
rc_ch100_s5417_[kovaleva_1000x15_c12_m60_a0.5_s5486].pts,889.7878887653351,417.5437350273132,0.030364990234375
rc_ch100_s5417_[kovaleva_1000x15_c12_m60_a0.5_s6472].pts,886.8437795639038,438.9010977745056,0.029042959213256836
rc_ch100_s5417_[kovaleva_1000x15_c12_m60_a0.5_s6635].pts,756.8367323875427,411.0408720970154,0.04194092750549315
rc_ch100_s5417_[kovaleva_1000x15_c12_m60_a0.5_s8285].pts,844.1959862709047,426.3308074474335,0.02832961082458496
rc_ch100_s5417_[kovaleva_1000x15_c19_m35_a0.5_s2095].pts,1054.1857533454895,678.4786686897278,0.033582448959350586
rc_ch100_s5417_[kovaleva_1000x15_c19_m35_a0.5_s2895].pts,1145.7939279079437,868.7201869487761,0.03390216827392578
rc_ch100_s5417_[kovaleva_1000x15_c19_m35_a0.5_s3725].pts,1108.3552551269531,514.5035173892975,0.03449368476867675
rc_ch100_s5417_[kovaleva_1000x15_c19_m35_a0.5_s4252].pts,1157.7512493133545,589.8342590332031,0.03094768524169922
rc_ch100_s5417_[kovaleva_1000x15_c19_m35_a0.5_s4400].pts,952.0745432376862,451.2457251548767,0.032808780670166016
rc_ch100_s5417_[kovaleva_1000x15_c19_m35_a0.5_s5388].pts,954.6393332481384,547.5224344730377,0.03125905990600586
rc_ch100_s5417_[kovaleva_1000x15_c19_m35_a0.5_s5486].pts,1075.3255107402802,550.694591999054,0.03412222862243652
rc_ch100_s5417_[kovaleva_1000x15_c19_m35_a0.5_s6472].pts,991.6570625305176,557.2959761619568,0.03534269332885742
rc_ch100_s5417_[kovaleva_1000x15_c19_m35_a0.5_s6635].pts,978.3816339969636,592.7359223365784,0.032562971115112305
rc_ch100_s5417_[kovaleva_1000x15_c19_m35_a0.5_s8285].pts,1105.0969879627228,509.82005286216736,0.03496551513671875
rc_ch100_s5417_[kovaleva_1000x15_c7_m100_a0.5_s2095].pts,493.9515941143036,189.6611506938934,0.42372941970825195
rc_ch100_s5417_[kovaleva_1000x15_c7_m100_a0.5_s2895].pts,597.4482865333557,198.04304599761963,0.37498831748962425
rc_ch100_s5417_[kovaleva_1000x15_c7_m100_a0.5_s3725].pts,586.4502704143523,251.0958127975464,2.0401110649108887
rc_ch100_s5417_[kovaleva_1000x15_c7_m100_a0.5_s4252].pts,666.6777617931366,271.9386188983917,3.133497953414917
rc_ch100_s5417_[kovaleva_1000x15_c7_m100_a0.5_s4400].pts,505.1298260688782,225.93762588500977,0.41633272171020497
rc_ch100_s5417_[kovaleva_1000x15_c7_m100_a0.5_s5388].pts,686.0722494125366,363.66611552238464,3.1372201442718506
rc_ch100_s5417_[kovaleva_1000x15_c7_m100_a0.5_s5486].pts,545.9247794151306,225.41070270538327,0.4029150009155278
rc_ch100_s5417_[kovaleva_1000x15_c7_m100_a0.5_s6472].pts,506.83360719680786,234.1885368824005,0.5638964176177977
rc_ch100_s5417_[kovaleva_1000x15_c7_m100_a0.5_s6635].pts,503.9180145263672,179.24391365051267,0.3235323429107666
rc_ch100_s5417_[kovaleva_1000x15_c7_m100_a0.5_s8285].pts,482.2985215187073,203.2596275806427,0.33940935134887706
rc_ch100_s8943_[kovaleva_1000x15_c12_m60_a0.5_s2095].pts,721.7207975387574,320.4087333679199,0.027313232421875
rc_ch100_s8943_[kovaleva_1000x15_c12_m60_a0.5_s2895].pts,925.9888060092927,518.0195341110231,0.029378890991210938
rc_ch100_s8943_[kovaleva_1000x15_c12_m60_a0.5_s3725].pts,963.4471032619475,437.1995701789856,0.15089082717895505
rc_ch100_s8943_[kovaleva_1000x15_c12_m60_a0.5_s4252].pts,699.2701938152313,282.15409994125366,0.027544260025024414
rc_ch100_s8943_[kovaleva_1000x15_c12_m60_a0.5_s4400].pts,755.9866666793823,344.86665987968445,0.029102087020874023
rc_ch100_s8943_[kovaleva_1000x15_c12_m60_a0.5_s5388].pts,752.375688791275,387.4272084236145,0.02955007553100586
rc_ch100_s8943_[kovaleva_1000x15_c12_m60_a0.5_s5486].pts,919.6493642330171,393.0306875705719,0.029986858367919922
rc_ch100_s8943_[kovaleva_1000x15_c12_m60_a0.5_s6472].pts,1088.8589851856232,415.5281660556794,0.030445098876953125
rc_ch100_s8943_[kovaleva_1000x15_c12_m60_a0.5_s6635].pts,756.4309523105621,371.54678893089294,0.029345035552978516
rc_ch100_s8943_[kovaleva_1000x15_c12_m60_a0.5_s8285].pts,785.6800675392152,420.29579544067394,0.027678251266479492
rc_ch100_s8943_[kovaleva_1000x15_c19_m35_a0.5_s2095].pts,1226.8486578464508,843.6400785446167,0.032820940017700195
rc_ch100_s8943_[kovaleva_1000x15_c19_m35_a0.5_s2895].pts,1042.2833292484283,581.6783611774445,0.027439117431640625
rc_ch100_s8943_[kovaleva_1000x15_c19_m35_a0.5_s3725].pts,1042.2707886695862,512.1729161739349,0.034345388412475586
rc_ch100_s8943_[kovaleva_1000x15_c19_m35_a0.5_s4252].pts,947.2709176540375,543.9219000339508,0.030292987823486328
rc_ch100_s8943_[kovaleva_1000x15_c19_m35_a0.5_s4400].pts,1045.6957812309265,529.4953753948213,0.031070709228515625
rc_ch100_s8943_[kovaleva_1000x15_c19_m35_a0.5_s5388].pts,1048.647458076477,573.9769747257233,0.03272509574890137
rc_ch100_s8943_[kovaleva_1000x15_c19_m35_a0.5_s5486].pts,1065.903418302536,650.5438511371613,0.03461623191833496
rc_ch100_s8943_[kovaleva_1000x15_c19_m35_a0.5_s6472].pts,1040.2470018863678,606.5186603069305,0.0335536003112793
rc_ch100_s8943_[kovaleva_1000x15_c19_m35_a0.5_s6635].pts,995.5322229862213,572.4630632400513,0.03228878974914551
rc_ch100_s8943_[kovaleva_1000x15_c19_m35_a0.5_s8285].pts,1025.1958296298978,493.57052993774414,0.029910802841186523
rc_ch100_s8943_[kovaleva_1000x15_c7_m100_a0.5_s2095].pts,490.7441647052765,192.5082712173462,0.19785666465759277
rc_ch100_s8943_[kovaleva_1000x15_c7_m100_a0.5_s2895].pts,698.6985538005828,212.58370542526245,0.24444103240966797
rc_ch100_s8943_[kovaleva_1000x15_c7_m100_a0.5_s3725].pts,483.64308428764343,185.44074845314026,0.34420967102050787
rc_ch100_s8943_[kovaleva_1000x15_c7_m100_a0.5_s4252].pts,554.5860695838928,210.53593182563785,1.6066908836364748
rc_ch100_s8943_[kovaleva_1000x15_c7_m100_a0.5_s4400].pts,528.1954998970033,271.72966027259827,1.0190052986145024
rc_ch100_s8943_[kovaleva_1000x15_c7_m100_a0.5_s5388].pts,538.1025364398956,245.39674997329712,0.9535670280456542
rc_ch100_s8943_[kovaleva_1000x15_c7_m100_a0.5_s5486].pts,576.8170850276947,206.44166684150696,0.10795903205871579
rc_ch100_s8943_[kovaleva_1000x15_c7_m100_a0.5_s6472].pts,524.6182224750519,226.56851935386658,0.02748560905456543
rc_ch100_s8943_[kovaleva_1000x15_c7_m100_a0.5_s6635].pts,536.2052974700928,230.9836437702179,0.16016101837158206
rc_ch100_s8943_[kovaleva_1000x15_c7_m100_a0.5_s8285].pts,532.3722670078276,240.17908287048343,0.17011189460754406
rc_ch200_s1981_[kovaleva_1000x15_c12_m60_a0.5_s2095].pts,1020.2516915798186,553.2803454399109,0.03332114219665527
rc_ch200_s1981_[kovaleva_1000x15_c12_m60_a0.5_s2895].pts,1199.6714937686922,680.2150251865387,0.07860755920410162
rc_ch200_s1981_[kovaleva_1000x15_c12_m60_a0.5_s3725].pts,1176.4192380905151,797.9466469287871,0.12274456024169926
rc_ch200_s1981_[kovaleva_1000x15_c12_m60_a0.5_s4252].pts,1138.324465036392,609.6617541313171,0.03371143341064453
rc_ch200_s1981_[kovaleva_1000x15_c12_m60_a0.5_s4400].pts,1221.3133618831635,735.6820478439331,0.03650164604187012
rc_ch200_s1981_[kovaleva_1000x15_c12_m60_a0.5_s5388].pts,1170.4241123199463,699.808516740799,0.37517261505126975
rc_ch200_s1981_[kovaleva_1000x15_c12_m60_a0.5_s5486].pts,1150.6967186927795,604.7092719078064,0.06701755523681635
rc_ch200_s1981_[kovaleva_1000x15_c12_m60_a0.5_s6472].pts,1177.6445004940033,566.9503960609436,0.035147905349731445
rc_ch200_s1981_[kovaleva_1000x15_c12_m60_a0.5_s6635].pts,1180.1636772155762,842.8701574802399,0.06853866577148436
rc_ch200_s1981_[kovaleva_1000x15_c12_m60_a0.5_s8285].pts,1434.935490846634,588.5982608795166,0.10453414916992189
rc_ch200_s1981_[kovaleva_1000x15_c19_m35_a0.5_s2095].pts,1412.2591989040375,884.4506964683533,0.038877010345458984
rc_ch200_s1981_[kovaleva_1000x15_c19_m35_a0.5_s2895].pts,1510.6337742805483,1234.7303593158722,0.03921031951904297
rc_ch200_s1981_[kovaleva_1000x15_c19_m35_a0.5_s3725].pts,1566.2331235408783,928.7125356197357,0.04154324531555176
rc_ch200_s1981_[kovaleva_1000x15_c19_m35_a0.5_s4252].pts,1451.4797682762146,1277.6542332172394,0.03486990928649902
rc_ch200_s1981_[kovaleva_1000x15_c19_m35_a0.5_s4400].pts,1742.689908027649,1051.418790102005,0.038797855377197266
rc_ch200_s1981_[kovaleva_1000x15_c19_m35_a0.5_s5388].pts,1352.8286278247833,1380.381758928299,0.03879690170288086
rc_ch200_s1981_[kovaleva_1000x15_c19_m35_a0.5_s5486].pts,1819.2874789237976,1324.7395095825195,0.039527177810668945
rc_ch200_s1981_[kovaleva_1000x15_c19_m35_a0.5_s6472].pts,1720.036301612854,1027.3272020816803,0.043703317642211914
rc_ch200_s1981_[kovaleva_1000x15_c19_m35_a0.5_s6635].pts,1371.5134398937225,1071.9816184043884,0.040810346603393555
rc_ch200_s1981_[kovaleva_1000x15_c19_m35_a0.5_s8285].pts,1450.7750191688538,1283.5326049327853,0.03908061981201172
rc_ch200_s1981_[kovaleva_1000x15_c7_m100_a0.5_s2095].pts,998.0271885395049,552.9893915653229,2.684914350509643
rc_ch200_s1981_[kovaleva_1000x15_c7_m100_a0.5_s2895].pts,658.337292432785,338.8625645637512,0.559478759765625
rc_ch200_s1981_[kovaleva_1000x15_c7_m100_a0.5_s3725].pts,731.7172276973724,468.65759229660034,1.6953918933868413
rc_ch200_s1981_[kovaleva_1000x15_c7_m100_a0.5_s4252].pts,935.035970211029,492.70407485961914,1.0765006542205813
rc_ch200_s1981_[kovaleva_1000x15_c7_m100_a0.5_s4400].pts,720.2851252555846,733.5391857624062,2.9666738510131836
rc_ch200_s1981_[kovaleva_1000x15_c7_m100_a0.5_s5388].pts,877.0493896007538,511.1807870864868,3.5670895576477046
rc_ch200_s1981_[kovaleva_1000x15_c7_m100_a0.5_s5486].pts,739.6178562641144,462.25063824653625,1.460848331451416
rc_ch200_s1981_[kovaleva_1000x15_c7_m100_a0.5_s6472].pts,862.6031563282013,445.2427456378937,1.6300470829010012
rc_ch200_s1981_[kovaleva_1000x15_c7_m100_a0.5_s6635].pts,807.2463302612305,299.2338263988495,0.7253720760345459
rc_ch200_s1981_[kovaleva_1000x15_c7_m100_a0.5_s8285].pts,732.4265868663788,322.9204261302948,0.11307001113891592
rc_ch200_s2945_[kovaleva_1000x15_c12_m60_a0.5_s2095].pts,1128.5254650115967,458.87161159515387,0.034209489822387695
rc_ch200_s2945_[kovaleva_1000x15_c12_m60_a0.5_s2895].pts,1394.275029182434,973.655992269516,0.37086582183837874
rc_ch200_s2945_[kovaleva_1000x15_c12_m60_a0.5_s3725].pts,1161.4170527458189,759.9060645103455,0.04928517341613771
rc_ch200_s2945_[kovaleva_1000x15_c12_m60_a0.5_s4252].pts,1372.6236712932587,552.6420788764954,0.09920978546142573
rc_ch200_s2945_[kovaleva_1000x15_c12_m60_a0.5_s4400].pts,1117.4943647384646,570.8931784629822,0.03689837455749512
rc_ch200_s2945_[kovaleva_1000x15_c12_m60_a0.5_s5388].pts,1162.6224901676178,789.3965270519255,0.03747916221618652
rc_ch200_s2945_[kovaleva_1000x15_c12_m60_a0.5_s5486].pts,1199.698089838028,1131.6655924320225,0.11259269714355465
rc_ch200_s2945_[kovaleva_1000x15_c12_m60_a0.5_s6472].pts,1090.7042264938354,704.2844066619873,0.03659653663635254
rc_ch200_s2945_[kovaleva_1000x15_c12_m60_a0.5_s6635].pts,1064.5715193748474,965.3729510307314,0.1769709587097168
rc_ch200_s2945_[kovaleva_1000x15_c12_m60_a0.5_s8285].pts,1198.3033518791199,649.4138789176941,0.033426761627197266
rc_ch200_s2945_[kovaleva_1000x15_c19_m35_a0.5_s2095].pts,1450.9584352970123,978.2535271644592,0.040142059326171875
rc_ch200_s2945_[kovaleva_1000x15_c19_m35_a0.5_s2895].pts,1489.9865372180939,1334.000813484192,0.03691673278808594
rc_ch200_s2945_[kovaleva_1000x15_c19_m35_a0.5_s3725].pts,1600.2069642543793,1031.6294841766357,0.04302024841308594
rc_ch200_s2945_[kovaleva_1000x15_c19_m35_a0.5_s4252].pts,1710.6314878463745,1008.6274166107178,0.03449702262878418
rc_ch200_s2945_[kovaleva_1000x15_c19_m35_a0.5_s4400].pts,1425.7262020111084,994.9364142417909,0.0458528995513916
rc_ch200_s2945_[kovaleva_1000x15_c19_m35_a0.5_s5388].pts,1534.0516731739042,1167.042842388153,0.03850984573364258
rc_ch200_s2945_[kovaleva_1000x15_c19_m35_a0.5_s5486].pts,1639.7069294452667,1079.3205285072322,0.04122185707092285
rc_ch200_s2945_[kovaleva_1000x15_c19_m35_a0.5_s6472].pts,1457.3178715705872,1257.0703625679016,0.043579816818237305
rc_ch200_s2945_[kovaleva_1000x15_c19_m35_a0.5_s6635].pts,1438.2297401428223,1052.501070022583,0.03844428062438965
rc_ch200_s2945_[kovaleva_1000x15_c19_m35_a0.5_s8285].pts,1583.6727180480957,1236.7956802845001,0.03847861289978027
rc_ch200_s2945_[kovaleva_1000x15_c7_m100_a0.5_s2095].pts,743.3833298683167,593.5343182086945,3.038659572601318
rc_ch200_s2945_[kovaleva_1000x15_c7_m100_a0.5_s2895].pts,818.8208558559419,454.12120246887207,1.3857548236846924
rc_ch200_s2945_[kovaleva_1000x15_c7_m100_a0.5_s3725].pts,678.3464193344116,306.34520626068115,0.25102996826171864
rc_ch200_s2945_[kovaleva_1000x15_c7_m100_a0.5_s4252].pts,794.6585764884949,498.2040421962738,4.601003885269165
rc_ch200_s2945_[kovaleva_1000x15_c7_m100_a0.5_s4400].pts,1088.689331293106,722.94862318039,2.823909759521484
rc_ch200_s2945_[kovaleva_1000x15_c7_m100_a0.5_s5388].pts,829.395512342453,655.8689408302307,3.9243519306182866
rc_ch200_s2945_[kovaleva_1000x15_c7_m100_a0.5_s5486].pts,815.7495529651642,329.7560992240906,0.4211821556091307
rc_ch200_s2945_[kovaleva_1000x15_c7_m100_a0.5_s6472].pts,794.0140469074249,352.3635880947113,1.1577956676483157
rc_ch200_s2945_[kovaleva_1000x15_c7_m100_a0.5_s6635].pts,753.1617279052734,293.856059551239,0.9345982074737549
rc_ch200_s2945_[kovaleva_1000x15_c7_m100_a0.5_s8285].pts,717.2782082557678,365.9044818878173,1.6047999858856206
rc_ch200_s3648_[kovaleva_1000x15_c12_m60_a0.5_s2095].pts,996.1724717617035,818.080644607544,0.030019044876098633
rc_ch200_s3648_[kovaleva_1000x15_c12_m60_a0.5_s2895].pts,1161.9388434886932,772.8055362701416,0.05403256416320801
rc_ch200_s3648_[kovaleva_1000x15_c12_m60_a0.5_s3725].pts,1198.5373301506042,879.0169243812561,0.03570127487182617
rc_ch200_s3648_[kovaleva_1000x15_c12_m60_a0.5_s4252].pts,1131.9105153083801,505.1060631275177,0.059647798538208015
rc_ch200_s3648_[kovaleva_1000x15_c12_m60_a0.5_s4400].pts,1065.7204232215881,603.0620474815369,0.1004040241241455
rc_ch200_s3648_[kovaleva_1000x15_c12_m60_a0.5_s5388].pts,1072.1840834617615,617.7680778503418,0.12970733642578122
rc_ch200_s3648_[kovaleva_1000x15_c12_m60_a0.5_s5486].pts,1207.5398683547971,745.8441123962402,0.036718130111694336
rc_ch200_s3648_[kovaleva_1000x15_c12_m60_a0.5_s6472].pts,1124.1087353229525,939.2308142185211,0.05516767501831059
rc_ch200_s3648_[kovaleva_1000x15_c12_m60_a0.5_s6635].pts,1106.700165271759,709.4883046150208,0.05268025398254392
rc_ch200_s3648_[kovaleva_1000x15_c12_m60_a0.5_s8285].pts,1091.7032792568207,725.938357114792,0.032792091369628906
rc_ch200_s3648_[kovaleva_1000x15_c19_m35_a0.5_s2095].pts,1650.2744901180267,1186.1791076660156,0.040450096130371094
rc_ch200_s3648_[kovaleva_1000x15_c19_m35_a0.5_s2895].pts,1787.2400720119476,1502.806182384491,0.036554574966430664
rc_ch200_s3648_[kovaleva_1000x15_c19_m35_a0.5_s3725].pts,1568.077134847641,1004.2256639003754,0.041841745376586914
rc_ch200_s3648_[kovaleva_1000x15_c19_m35_a0.5_s4252].pts,1292.9579365253448,1153.5554468631744,0.03735685348510742
rc_ch200_s3648_[kovaleva_1000x15_c19_m35_a0.5_s4400].pts,1341.7481257915497,813.8201110363007,0.038648128509521484
rc_ch200_s3648_[kovaleva_1000x15_c19_m35_a0.5_s5388].pts,1541.5619943141937,1082.2143096923828,0.04341769218444824
rc_ch200_s3648_[kovaleva_1000x15_c19_m35_a0.5_s5486].pts,1659.249495267868,1113.2808938026428,0.037549734115600586
rc_ch200_s3648_[kovaleva_1000x15_c19_m35_a0.5_s6472].pts,1433.9451665878296,1054.4065618515015,0.03762626647949219
rc_ch200_s3648_[kovaleva_1000x15_c19_m35_a0.5_s6635].pts,1422.530590057373,976.4446446895599,0.03743481636047363
rc_ch200_s3648_[kovaleva_1000x15_c19_m35_a0.5_s8285].pts,1646.3074963092804,1169.4951527118683,0.04084539413452148
rc_ch200_s3648_[kovaleva_1000x15_c7_m100_a0.5_s2095].pts,950.688184261322,410.38503575325007,2.227115392684936
rc_ch200_s3648_[kovaleva_1000x15_c7_m100_a0.5_s2895].pts,632.2904064655304,292.76668405532837,0.5524816513061527
rc_ch200_s3648_[kovaleva_1000x15_c7_m100_a0.5_s3725].pts,822.6841671466827,510.9672439098358,2.011281251907348
rc_ch200_s3648_[kovaleva_1000x15_c7_m100_a0.5_s4252].pts,915.7246282100677,457.5983033180236,5.557523012161255
rc_ch200_s3648_[kovaleva_1000x15_c7_m100_a0.5_s4400].pts,833.0599958896637,360.7991433143616,1.7026667594909666
rc_ch200_s3648_[kovaleva_1000x15_c7_m100_a0.5_s5388].pts,793.1251256465912,666.3937880992893,2.3369028568267822
rc_ch200_s3648_[kovaleva_1000x15_c7_m100_a0.5_s5486].pts,874.1158468723296,426.7444250583649,2.152997970581055
rc_ch200_s3648_[kovaleva_1000x15_c7_m100_a0.5_s6472].pts,759.2702081203461,333.1804852485657,0.7040793895721436
rc_ch200_s3648_[kovaleva_1000x15_c7_m100_a0.5_s6635].pts,730.9319007396698,588.5208072662354,1.4252188205718992
rc_ch200_s3648_[kovaleva_1000x15_c7_m100_a0.5_s8285].pts,659.7638380527496,398.0475072860718,1.7271995544433596
rc_ch200_s5417_[kovaleva_1000x15_c12_m60_a0.5_s2095].pts,1078.0989530086517,562.4287950992584,0.11372327804565428
rc_ch200_s5417_[kovaleva_1000x15_c12_m60_a0.5_s2895].pts,1068.8724262714386,609.9800345897675,0.03515172004699707
rc_ch200_s5417_[kovaleva_1000x15_c12_m60_a0.5_s3725].pts,1182.9089627265932,792.3842391967772,0.048104286193847615
rc_ch200_s5417_[kovaleva_1000x15_c12_m60_a0.5_s4252].pts,1036.8839237689972,579.8838963508606,0.03262782096862793
rc_ch200_s5417_[kovaleva_1000x15_c12_m60_a0.5_s4400].pts,1191.4225089550018,676.4479105472565,0.035857200622558594
rc_ch200_s5417_[kovaleva_1000x15_c12_m60_a0.5_s5388].pts,1116.9149014949799,776.2574858665466,0.11289858818054202
rc_ch200_s5417_[kovaleva_1000x15_c12_m60_a0.5_s5486].pts,1204.0462601184847,659.1839349269867,0.20106244087219227
rc_ch200_s5417_[kovaleva_1000x15_c12_m60_a0.5_s6472].pts,1236.1711957454681,865.3234114646912,0.03614449501037598
rc_ch200_s5417_[kovaleva_1000x15_c12_m60_a0.5_s6635].pts,1171.6893091201782,757.1032140254974,0.03603482246398926
rc_ch200_s5417_[kovaleva_1000x15_c12_m60_a0.5_s8285].pts,1205.9525589942932,776.795548915863,0.032625675201416016
rc_ch200_s5417_[kovaleva_1000x15_c19_m35_a0.5_s2095].pts,1517.9407887458801,901.8175048828125,0.038985490798950195
rc_ch200_s5417_[kovaleva_1000x15_c19_m35_a0.5_s2895].pts,1572.6298432350159,1276.0521314144135,0.03601241111755371
rc_ch200_s5417_[kovaleva_1000x15_c19_m35_a0.5_s3725].pts,1455.8736083507538,1508.206099748611,0.04152393341064453
rc_ch200_s5417_[kovaleva_1000x15_c19_m35_a0.5_s4252].pts,1613.3341977596283,1349.9170961380005,0.03855133056640625
rc_ch200_s5417_[kovaleva_1000x15_c19_m35_a0.5_s4400].pts,1440.722864151001,1218.8858406543732,0.03962898254394531
rc_ch200_s5417_[kovaleva_1000x15_c19_m35_a0.5_s5388].pts,1373.311791419983,969.8383226394653,0.036847829818725586
rc_ch200_s5417_[kovaleva_1000x15_c19_m35_a0.5_s5486].pts,1887.8080797195435,1050.5000491142273,0.04256582260131836
rc_ch200_s5417_[kovaleva_1000x15_c19_m35_a0.5_s6472].pts,1645.4602727890015,931.3425514698029,0.0434260368347168
rc_ch200_s5417_[kovaleva_1000x15_c19_m35_a0.5_s6635].pts,1373.289223432541,1058.210317850113,0.03788399696350098
rc_ch200_s5417_[kovaleva_1000x15_c19_m35_a0.5_s8285].pts,1545.4972429275513,1216.9106335639954,0.03920102119445801
rc_ch200_s5417_[kovaleva_1000x15_c7_m100_a0.5_s2095].pts,775.4105427265167,396.02538442611694,2.4710242748260502
rc_ch200_s5417_[kovaleva_1000x15_c7_m100_a0.5_s2895].pts,640.1496138572692,280.723920583725,1.026243925094604
rc_ch200_s5417_[kovaleva_1000x15_c7_m100_a0.5_s3725].pts,650.6659600734711,280.5110261440277,0.269078016281128
rc_ch200_s5417_[kovaleva_1000x15_c7_m100_a0.5_s4252].pts,903.2992403507232,628.1787917613982,12.772137880325317
rc_ch200_s5417_[kovaleva_1000x15_c7_m100_a0.5_s4400].pts,733.1999967098236,394.203941822052,0.7964355945587159
rc_ch200_s5417_[kovaleva_1000x15_c7_m100_a0.5_s5388].pts,901.722738981247,956.9658360481262,2.4140641689300537
rc_ch200_s5417_[kovaleva_1000x15_c7_m100_a0.5_s5486].pts,772.5885722637178,376.4583375453949,0.7202844619750977
rc_ch200_s5417_[kovaleva_1000x15_c7_m100_a0.5_s6472].pts,715.7015590667725,345.8242230415344,1.404822587966918
rc_ch200_s5417_[kovaleva_1000x15_c7_m100_a0.5_s6635].pts,702.0521388053894,427.6417465209961,1.0421879291534424
rc_ch200_s5417_[kovaleva_1000x15_c7_m100_a0.5_s8285].pts,836.3468065261841,438.9026062488556,1.0872890949249268
rc_ch200_s8943_[kovaleva_1000x15_c12_m60_a0.5_s2095].pts,988.2071318626404,624.7130711078644,0.030968904495239258
rc_ch200_s8943_[kovaleva_1000x15_c12_m60_a0.5_s2895].pts,1157.3065819740295,715.5198395252228,0.03638291358947754
rc_ch200_s8943_[kovaleva_1000x15_c12_m60_a0.5_s3725].pts,1087.933123588562,845.3161861896515,0.07124781608581546
rc_ch200_s8943_[kovaleva_1000x15_c12_m60_a0.5_s4252].pts,1091.6058132648468,641.46333527565,0.03249955177307129
rc_ch200_s8943_[kovaleva_1000x15_c12_m60_a0.5_s4400].pts,1135.0842702388763,557.5332636833191,0.03685259819030762
rc_ch200_s8943_[kovaleva_1000x15_c12_m60_a0.5_s5388].pts,1177.220784664154,538.0046911239624,0.05417561531066894
rc_ch200_s8943_[kovaleva_1000x15_c12_m60_a0.5_s5486].pts,1202.7546904087067,822.3770616054535,0.08614540100097663
rc_ch200_s8943_[kovaleva_1000x15_c12_m60_a0.5_s6472].pts,1400.1931843757627,684.5358548164368,0.03332185745239258
rc_ch200_s8943_[kovaleva_1000x15_c12_m60_a0.5_s6635].pts,1127.890108346939,655.8946347236633,0.036136627197265625
rc_ch200_s8943_[kovaleva_1000x15_c12_m60_a0.5_s8285].pts,1181.5076773166656,633.0709571838379,0.08201074600219722
rc_ch200_s8943_[kovaleva_1000x15_c19_m35_a0.5_s2095].pts,1495.4026174545288,1102.714364528656,0.03747105598449707
rc_ch200_s8943_[kovaleva_1000x15_c19_m35_a0.5_s2895].pts,1545.4451456069946,1359.1717698574066,0.03497791290283203
rc_ch200_s8943_[kovaleva_1000x15_c19_m35_a0.5_s3725].pts,1564.0403833389282,1070.4541606903076,0.04143238067626953
rc_ch200_s8943_[kovaleva_1000x15_c19_m35_a0.5_s4252].pts,1716.5821678638458,1101.4505903720856,0.038083791732788086
rc_ch200_s8943_[kovaleva_1000x15_c19_m35_a0.5_s4400].pts,1604.8341875076294,1194.8260402679443,0.038214921951293945
rc_ch200_s8943_[kovaleva_1000x15_c19_m35_a0.5_s5388].pts,1551.343729734421,1172.5214087963104,0.03776359558105469
rc_ch200_s8943_[kovaleva_1000x15_c19_m35_a0.5_s5486].pts,1621.8761813640594,991.3868634700775,0.03782510757446289
rc_ch200_s8943_[kovaleva_1000x15_c19_m35_a0.5_s6472].pts,1574.4533071517944,1285.3920545578003,0.040128469467163086
rc_ch200_s8943_[kovaleva_1000x15_c19_m35_a0.5_s6635].pts,1290.5733711719513,898.0331947803497,0.03851628303527832
rc_ch200_s8943_[kovaleva_1000x15_c19_m35_a0.5_s8285].pts,1448.867548942566,1535.5222735404968,0.0368497371673584
rc_ch200_s8943_[kovaleva_1000x15_c7_m100_a0.5_s2095].pts,816.1497616767883,346.10112476348877,2.273407220840454
rc_ch200_s8943_[kovaleva_1000x15_c7_m100_a0.5_s2895].pts,669.2773072719574,329.6420547962189,0.8986408710479735
rc_ch200_s8943_[kovaleva_1000x15_c7_m100_a0.5_s3725].pts,703.3823585510254,342.05805826187134,0.7725927829742435
rc_ch200_s8943_[kovaleva_1000x15_c7_m100_a0.5_s4252].pts,900.9983038902283,640.5407810211182,4.390717744827271
rc_ch200_s8943_[kovaleva_1000x15_c7_m100_a0.5_s4400].pts,1190.9984033107758,408.7891056537628,1.24989652633667
rc_ch200_s8943_[kovaleva_1000x15_c7_m100_a0.5_s5388].pts,847.9609007835388,375.48524284362793,2.261969566345215
rc_ch200_s8943_[kovaleva_1000x15_c7_m100_a0.5_s5486].pts,798.9862055778502,313.36188578605646,1.287394523620606
rc_ch200_s8943_[kovaleva_1000x15_c7_m100_a0.5_s6472].pts,758.638421535492,545.286862373352,1.8125391006469727
rc_ch200_s8943_[kovaleva_1000x15_c7_m100_a0.5_s6635].pts,824.3968887329102,599.4308519363396,1.1097080707550044
rc_ch200_s8943_[kovaleva_1000x15_c7_m100_a0.5_s8285].pts,814.1560206413269,373.2935061454773,1.3418216705322266
